{"dialog":[{"name":"needIdent","nodes":[{"id":2,"text":"Move along...","speaker":"guard","requirements":["state.get('ganymede.enter')"],"$$hashKey":"006"},{"id":0,"text":"Thank you sir. Welcome to Ganymede.","speaker":"guard","requirements":["'ident' in @(pc).inventory.items"],"postScript":"state.set('ganymede.enter', true); @(door.out).trigger('interact');","$$hashKey":"007"},{"id":1,"text":"You need an Ident Card to enter Ganymede.","speaker":"guard","responses":[{"text":"Where can I get an Ident card?","nodes":[{"id":6,"text":"You should have been issued one where ever you live.\nCheck with security down the hall they can help.","$$hashKey":"00N"}],"$$hashKey":"00H"},{"text":"Why do I need an Ident card.","nodes":[{"id":7,"text":"Everyone one in Ganymede needs an ident card.\nIt's used to pay for goods, and provides access to secure areas.","$$hashKey":"00P"}],"$$hashKey":"00I"},{"id":5,"command":"exit","$$hashKey":"00J"}],"$$hashKey":"008"}],"$$hashKey":"004"},{"name":"meetEmployer","nodes":[{"id":-1,"text":"Looking to make some money?\nI need some help getting these boxes back to my shop. I'll pay you for your time.","$$hashKey":"00M","responses":[{"text":"Yeah I could use the money.","command":null,"nodes":[{"id":-1,"text":"Good. Do you have an Ident card?","$$hashKey":"00P","requirements":[],"responses":[{"text":"No","command":null,"nodes":[{"id":-1,"text":"No problem. Follow me, I know a guy in Ganymede Security who can you one, but just remember you're gonna owe me another favor after this.\n|\nCome on. Let's go.","$$hashKey":"00V"}],"$$hashKey":"00T"}]}],"$$hashKey":"00N"},{"text":"No thanks.","command":null,"nodes":[{"id":-1,"text":"Ok. Well come back and find me if you change your mind.","$$hashKey":"00Y"}],"$$hashKey":"00P"}]}],"$$hashKey":"00K"}]}